,train_loss,val_loss,train_accuracy,val_accuracy
0,0.07313691566714466,0.14556719790334288,0.5725338491295938,0.6521739130434783
1,0.06983548621836207,0.14370522084443466,0.6121856866537717,0.6521739130434783
2,0.06897456756643447,0.14237578848133917,0.6102514506769826,0.6086956521739131
3,0.06857928420404401,0.14348416224769925,0.6112185686653772,0.6608695652173913
4,0.06822616628567531,0.14290416188862012,0.6112185686653772,0.6608695652173913
5,0.06817652766432476,0.1407376439675041,0.6112185686653772,0.6695652173913044
6,0.06812869770383927,0.1417089985764545,0.6160541586073501,0.6608695652173913
7,0.06787789173467478,0.14284582604532656,0.625725338491296,0.6521739130434783
8,0.06850639123981188,0.14241566813510398,0.6054158607350096,0.6782608695652174
9,0.06730445671819396,0.14636310235313746,0.6247582205029013,0.6
10,0.06794763764283643,0.1399710826251818,0.6102514506769826,0.6608695652173913
11,0.06738382491429032,0.1422205432601597,0.6179883945841392,0.6521739130434783
12,0.06768112262166907,0.1411939113036446,0.6237911025145068,0.6608695652173913
13,0.06738691501737333,0.14906737286111582,0.6266924564796905,0.5304347826086957
14,0.06768608929110219,0.14035605503165205,0.6121856866537717,0.6608695652173913
15,0.06737742306415993,0.14006612508193306,0.6218568665377177,0.6608695652173913
16,0.06705371167950289,0.14212363180906876,0.6112185686653772,0.6347826086956522
17,0.0669817412037914,0.14099562427271967,0.6276595744680851,0.6695652173913044
18,0.06687637085610247,0.14696002628492272,0.625725338491296,0.591304347826087
19,0.06677701556244486,0.14113385780997897,0.625725338491296,0.6782608695652174
20,0.06660850729425825,0.13796899370525195,0.6228239845261122,0.6695652173913044
21,0.0664744934560713,0.14102401526077935,0.625725338491296,0.6260869565217392
22,0.06681959126396843,0.14151159473087477,0.6150870406189555,0.6608695652173913
23,0.06671968771133939,0.14039058167001475,0.6266924564796905,0.6608695652173913
24,0.06641074911307551,0.1370742538700933,0.6228239845261122,0.6608695652173913
25,0.06634070160771707,0.13838058865588646,0.6247582205029013,0.6695652173913044
26,0.0660365583011214,0.13766476693360702,0.6247582205029013,0.6782608695652174
27,0.06609992876043633,0.13659345792687458,0.6276595744680851,0.6608695652173913
28,0.06628492895362456,0.13808555654857468,0.625725338491296,0.6434782608695652
29,0.06613278878957206,0.13608984584393707,0.625725338491296,0.6695652173913044
30,0.06572835732474779,0.13826075377671615,0.6247582205029013,0.6608695652173913
31,0.06592512297907005,0.1391995984575023,0.6441005802707931,0.6608695652173913
32,0.06602975893297325,0.1390570904897607,0.6353965183752418,0.6695652173913044
33,0.06570592551443517,0.1453592440356379,0.6286266924564797,0.6434782608695652
34,0.06619260458697203,0.1382284356200177,0.6276595744680851,0.6608695652173913
35,0.06570532399173862,0.14106249446454255,0.6353965183752418,0.6782608695652174
36,0.06589264328982429,0.13654828330744867,0.6276595744680851,0.6608695652173913
37,0.0657663318820341,0.13701291654420936,0.6247582205029013,0.6347826086956522
38,0.06566599363054021,0.1374101151590762,0.6344294003868471,0.6608695652173913
39,0.06604353579146718,0.1430240942084271,0.6344294003868471,0.6173913043478261
40,0.06549897357619708,0.13675666632859604,0.6431334622823984,0.6608695652173913
41,0.06585483895740842,0.14145107632097992,0.632495164410058,0.6521739130434783
42,0.06546680303560697,0.13943001498346744,0.6363636363636364,0.6695652173913044
43,0.06532749389541449,0.13811019710872485,0.6363636363636364,0.6608695652173913
44,0.06491513605044012,0.14182428069736647,0.6353965183752418,0.6782608695652174
45,0.0651398395085473,0.13628366511801016,0.6402321083172147,0.6521739130434783
46,0.06530152166143377,0.13616055768469107,0.6382978723404256,0.6695652173913044
47,0.06489082940311912,0.13286060302153876,0.6421663442940039,0.6782608695652174
48,0.06503901018164836,0.13769996684530508,0.6421663442940039,0.6869565217391305
49,0.0648548113077706,0.1391065343566563,0.6431334622823984,0.6869565217391305
50,0.06505682124851751,0.133100556290668,0.6353965183752418,0.6782608695652174
51,0.06461282797892735,0.13756405322448068,0.6479690522243714,0.6434782608695652
52,0.0647803299431644,0.13524431664010753,0.6363636363636364,0.6347826086956522
53,0.06481619470354667,0.13581653418748274,0.6470019342359767,0.6521739130434783
54,0.0645945959326377,0.1396849855132725,0.6537717601547389,0.6869565217391305
55,0.0648747739639688,0.1360842834348264,0.6402321083172147,0.6608695652173913
56,0.06465519120199768,0.13508476226226143,0.6373307543520309,0.6782608695652174
57,0.06431644451687368,0.13501382340555607,0.6595744680851063,0.6695652173913044
58,0.06469158652442106,0.13527378413988198,0.6344294003868471,0.6347826086956522
59,0.06466855549720085,0.1352013251055842,0.6363636363636364,0.6434782608695652
60,0.06445089622438531,0.14113199140714563,0.6595744680851063,0.6521739130434783
61,0.0640626833332807,0.13484744921974515,0.6576402321083172,0.6782608695652174
62,0.06435175133397086,0.13512443252231765,0.6537717601547389,0.6608695652173913
63,0.0642241448221631,0.13538909373076066,0.6411992263056093,0.6608695652173913
64,0.06380305829776786,0.13690831816714744,0.6470019342359767,0.6260869565217392
65,0.06408431324783562,0.13660304235375445,0.6441005802707931,0.6521739130434783
66,0.06381447668001776,0.13564047709755275,0.6499032882011605,0.6521739130434783
67,0.0641732670121774,0.13683216001676476,0.6663442940038685,0.6434782608695652
68,0.06467381621237188,0.1350825890250828,0.6644100580270793,0.6869565217391305
69,0.06406651912851537,0.13578898129255876,0.6528046421663443,0.6695652173913044
70,0.06361518278573883,0.13455153859179952,0.6682785299806576,0.6347826086956522
71,0.06371563234919506,0.13683247825373773,0.6692456479690522,0.6782608695652174
72,0.06385189139174308,0.13130310307378354,0.6595744680851063,0.6869565217391305
73,0.06357837040373619,0.13759528554004172,0.6566731141199227,0.6782608695652174
74,0.06352860006419095,0.13688798520876014,0.6624758220502901,0.6869565217391305
75,0.06368068788683391,0.13767427257869555,0.6576402321083172,0.6695652173913044
76,0.06346912408243988,0.13393851103989973,0.6576402321083172,0.6956521739130435
77,0.06342365023476473,0.13667629853538846,0.660541586073501,0.6782608695652174
78,0.06346145468247005,0.13801969548930293,0.6382978723404256,0.6956521739130435
79,0.06319800342074676,0.1324041371760161,0.6634429400386848,0.6956521739130435
80,0.06328238434441084,0.13788480758666993,0.6663442940038685,0.6869565217391305
81,0.06303894450632239,0.13827893682148146,0.6769825918762089,0.6608695652173913
82,0.06275092979003198,0.1380226845326631,0.6750483558994197,0.6347826086956522
83,0.06329057589029205,0.14161244838134102,0.6779497098646035,0.6260869565217392
84,0.0631244352062159,0.13746216089829155,0.6566731141199227,0.6695652173913044
85,0.06322327359963201,0.1354482106540514,0.6808510638297872,0.6695652173913044
86,0.06310770486263519,0.1324889794639919,0.6818181818181818,0.6695652173913044
87,0.06301516404004345,0.1344966831414596,0.6760154738878144,0.6869565217391305
88,0.06288125517289919,0.13423046184622722,0.6847195357833655,0.6608695652173913
89,0.06335855556410562,0.1352534708769425,0.6731141199226306,0.6782608695652174
90,0.06251509179229663,0.1375590656114661,0.6653771760154739,0.6782608695652174
91,0.06299106087859871,0.14615730772847715,0.6789168278529981,0.5652173913043478
92,0.06235308775127049,0.13456705653149148,0.6731141199226306,0.6521739130434783
93,0.06275047733659209,0.1365320703257685,0.6779497098646035,0.6956521739130435
94,0.062472390598208576,0.13481507819631824,0.6856866537717602,0.6434782608695652
95,0.06262314538660547,0.13393684832946115,0.6818181818181818,0.6608695652173913
96,0.06289103984602185,0.13764850523160851,0.6731141199226306,0.6521739130434783
97,0.06251904529805802,0.13859987466231635,0.6856866537717602,0.6608695652173913
98,0.06223539451796497,0.13510007858276368,0.6963249516441006,0.6608695652173913
99,0.062702485336787,0.1368342321851979,0.6972920696324951,0.6347826086956522
100,0.06263174592180455,0.13483848105306212,0.6982591876208898,0.6608695652173913
101,0.06163785092143533,0.13751805295114933,0.6963249516441006,0.6608695652173913
102,0.06270781603265316,0.13520867098932682,0.6798839458413927,0.6782608695652174
103,0.0622175795888993,0.1377074184625045,0.7011605415860735,0.6695652173913044
104,0.06195837172825516,0.13574198899061785,0.7127659574468085,0.6608695652173913
105,0.062207372610527494,0.1348901162976804,0.6972920696324951,0.6782608695652174
106,0.06219314693021129,0.13150026590927788,0.688588007736944,0.7043478260869566
107,0.06169059221241875,0.13706203647281812,0.7117988394584139,0.591304347826087
108,0.062226915497844405,0.13342893849248472,0.7117988394584139,0.6695652173913044
109,0.06171960047873123,0.1329054718432219,0.6895551257253385,0.6695652173913044
110,0.06157770320571368,0.1330472567807073,0.7166344294003868,0.6608695652173913
111,0.061189885065680086,0.1327705865320952,0.7292069632495164,0.6956521739130435
112,0.06170846611203723,0.13247506773990134,0.7108317214700194,0.7130434782608696
113,0.06173443857659685,0.13408001350319904,0.7021276595744681,0.6521739130434783
114,0.06190888413608189,0.13623602338459181,0.7147001934235977,0.6347826086956522
115,0.061543058438273415,0.1373199146726857,0.7176015473887815,0.5739130434782609
116,0.06194568862075732,0.13766952493916387,0.7214700193423598,0.6434782608695652
117,0.06168347199373596,0.1347199118655661,0.7079303675048356,0.6956521739130435
118,0.0619779745660852,0.13612463785254436,0.7117988394584139,0.6434782608695652
119,0.06132785027677363,0.13503319180530052,0.7176015473887815,0.6
120,0.06126425938403353,0.13212288358937138,0.718568665377176,0.6695652173913044
121,0.06105660919525176,0.14214927113574485,0.7195357833655706,0.5826086956521739
122,0.06134403270725125,0.13335125860960587,0.7340425531914894,0.6782608695652174
123,0.060737636149275465,0.13411304121432097,0.730174081237911,0.6869565217391305
124,0.06138602959809958,0.1348265186600063,0.7253384912959381,0.6782608695652174
125,0.06116624404198888,0.13422654089720354,0.7166344294003868,0.6608695652173913
126,0.06175553579625585,0.13322468374086463,0.718568665377176,0.6608695652173913
127,0.061264261113375254,0.13920872729757558,0.7088974854932302,0.6434782608695652
128,0.06046726406197022,0.13787036564039148,0.7282398452611218,0.6347826086956522
129,0.06070619671672179,0.13151606787805972,0.7243713733075435,0.6869565217391305
130,0.06149287899412085,0.13792990446090697,0.7263056092843327,0.6260869565217392
131,0.06089110421719358,0.13812142506889674,0.7388781431334622,0.6695652173913044
132,0.06069280181217009,0.13495789248010387,0.7243713733075435,0.5652173913043478
133,0.05991236061376575,0.13814109511997388,0.7398452611218569,0.6347826086956522
134,0.0602890600088256,0.13724545033081717,0.7408123791102514,0.6695652173913044
135,0.060296363941244276,0.13733639302461043,0.7562862669245648,0.6347826086956522
136,0.060175877359895685,0.13431136297143023,0.7408123791102514,0.6608695652173913
137,0.060608802093066835,0.13879481502201246,0.7359767891682786,0.6347826086956522
138,0.060613019957533196,0.1337695686713509,0.7398452611218569,0.6608695652173913
139,0.060758262987985374,0.13543420252592667,0.7350096711798839,0.7217391304347827
140,0.05993106384803064,0.13669854298881862,0.7620889748549323,0.6260869565217392
141,0.059845615574654114,0.13869399143301922,0.7591876208897486,0.5565217391304348
142,0.059799487747583445,0.13024366886719413,0.7514506769825918,0.6782608695652174
143,0.060256606317350435,0.13686349443767382,0.7446808510638298,0.6695652173913044
144,0.060388688077317905,0.13657148195349653,0.7456479690522244,0.6347826086956522
145,0.06026456630437471,0.14088638969089673,0.7359767891682786,0.6086956521739131
146,0.059935930042709556,0.135628516777702,0.7572533849129593,0.6521739130434783
147,0.059720968715918595,0.13820427448853204,0.7543520309477756,0.6608695652173913
148,0.05962735293451084,0.1352306796156842,0.7591876208897486,0.6695652173913044
149,0.059447798899571254,0.13693098037139229,0.7640232108317214,0.6956521739130435
150,0.0595590561570697,0.13834245256755662,0.7620889748549323,0.6086956521739131
151,0.059627566969371625,0.13451812111813088,0.7746615087040619,0.6608695652173913
152,0.059410419581706564,0.13437400175177533,0.7872340425531915,0.6869565217391305
153,0.059287851910526566,0.13752062631689985,0.7649903288201161,0.6521739130434783
154,0.0597357807583689,0.13382224259169206,0.7620889748549323,0.6695652173913044
155,0.059544524498557676,0.14091708038164222,0.7688588007736944,0.5739130434782609
156,0.058891701744419,0.13648664795834084,0.7804642166344294,0.6434782608695652
157,0.05913735358350743,0.13615769044212672,0.7794970986460348,0.6695652173913044
158,0.05936505744950684,0.13376450538635254,0.7746615087040619,0.6869565217391305
159,0.05852766608822968,0.13501801853594572,0.776595744680851,0.6521739130434783
160,0.05899755671130389,0.1352967127509739,0.7727272727272727,0.6608695652173913
161,0.05836340433393733,0.14031393683474996,0.7862669245647969,0.5826086956521739
162,0.05927728517143131,0.14854383727778558,0.7640232108317214,0.5478260869565217
163,0.05937506849346124,0.13999015196509984,0.7843326885880078,0.6260869565217392
164,0.058379816132772364,0.13826056926146799,0.7833655705996132,0.6347826086956522
165,0.05809924761607983,0.14074317787004553,0.793036750483559,0.6608695652173913
166,0.05844048184398526,0.13599579178768656,0.7998065764023211,0.6434782608695652
167,0.05868873616943507,0.14013936001321545,0.7882011605415861,0.5826086956521739
168,0.05809167972846926,0.13492856388506683,0.8027079303675049,0.6173913043478261
169,0.05894777063474895,0.14309322989505271,0.781431334622824,0.5826086956521739
170,0.05896729951439789,0.1342251570328422,0.7785299806576402,0.6173913043478261
171,0.05755979796903968,0.14020599126815797,0.793036750483559,0.6434782608695652
172,0.05815714914748009,0.13773751725321232,0.8027079303675049,0.6260869565217392
173,0.05801550620298552,0.14449883854907491,0.8104448742746615,0.5739130434782609
174,0.057753297473291366,0.14072313775186954,0.804642166344294,0.6173913043478261
175,0.05763536778132736,0.13455983970476235,0.8152804642166345,0.6695652173913044
176,0.05836077100764852,0.14022626203039418,0.7843326885880078,0.6173913043478261
177,0.05825057418249562,0.14030940066213193,0.7920696324951644,0.6086956521739131
178,0.05862837234364257,0.13365758294644564,0.7882011605415861,0.6521739130434783
179,0.05755740040967266,0.13767985468325408,0.8065764023210832,0.6260869565217392
180,0.05765339121136029,0.14122256092403246,0.8133462282398453,0.6608695652173913
181,0.057845531510661144,0.1352214833964472,0.8133462282398453,0.6695652173913044
182,0.05773223835679502,0.1392131427060003,0.7969052224371374,0.6521739130434783
183,0.05641012334731377,0.13602388371591984,0.8365570599613152,0.6608695652173913
184,0.0572092432233305,0.13899276515711909,0.816247582205029,0.6521739130434783
185,0.05659360696545422,0.13859843741292538,0.8346228239845261,0.6521739130434783
186,0.05750920878618783,0.13347732865292092,0.8085106382978723,0.6869565217391305
187,0.056950701332184515,0.13861867759538735,0.8259187620889749,0.6434782608695652
188,0.057591716948053595,0.14045454004536503,0.8133462282398453,0.6173913043478261
189,0.05743244255765033,0.13613352671913478,0.8133462282398453,0.6869565217391305
190,0.05745835224710535,0.13589729796285216,0.8065764023210832,0.6434782608695652
191,0.056602633264585894,0.1386192772699439,0.8278529980657641,0.6173913043478261
192,0.056843222801643827,0.13842298621716706,0.8152804642166345,0.6695652173913044
193,0.056474246934949776,0.1328731225884479,0.8326885880077369,0.6956521739130435
194,0.05665340483534498,0.144003427028656,0.8191489361702128,0.6173913043478261
195,0.05709830894922149,0.1340694873229317,0.8249516441005803,0.6434782608695652
196,0.056624264274390566,0.13678595345953237,0.8307543520309478,0.6260869565217392
197,0.05614351799686366,0.13700420130854069,0.839458413926499,0.6608695652173913
198,0.056387569848988454,0.13691744648891946,0.8404255319148937,0.6782608695652174
199,0.05652391812556948,0.13705742359161377,0.8346228239845261,0.6782608695652174
200,0.05704601763295482,0.13893636413242505,0.8259187620889749,0.6695652173913044
201,0.055655985782409316,0.1395340551500735,0.8452611218568665,0.6521739130434783
202,0.056389267889627864,0.14436704490495764,0.8355899419729207,0.6173913043478261
203,0.05762651914323552,0.13929106930027838,0.8075435203094777,0.6260869565217392
204,0.05645524193055394,0.13842770016711692,0.8268858800773694,0.6347826086956522
205,0.05604008105322286,0.14065163135528563,0.8500967117988395,0.6260869565217392
206,0.056680644561520395,0.13899730443954467,0.8249516441005803,0.6434782608695652
207,0.05587441357468729,0.1403596712195355,0.8375241779497099,0.6260869565217392
208,0.05678816073406596,0.13725172488585763,0.8230174081237911,0.6434782608695652
209,0.05562310857514579,0.14049478406491486,0.8404255319148937,0.6347826086956522
210,0.056234439117996096,0.1368854413861814,0.8326885880077369,0.6695652173913044
211,0.05718345089853386,0.13859692915626196,0.8133462282398453,0.6695652173913044
212,0.05556616769307356,0.13077700345412543,0.8462282398452611,0.7043478260869566
213,0.05517167423633819,0.13568004732546599,0.8578336557059961,0.6695652173913044
214,0.05597139667265651,0.1406984956368156,0.8346228239845261,0.6608695652173913
215,0.055728810956445836,0.13981077930201655,0.851063829787234,0.6434782608695652
216,0.05599342312526887,0.14861224578774493,0.8423597678916828,0.5652173913043478
217,0.056442752048171466,0.1376894437748453,0.8268858800773694,0.6608695652173913
218,0.05559474327808653,0.1387104982915132,0.844294003868472,0.6521739130434783
219,0.054719891781041426,0.13416322832522184,0.8597678916827853,0.7130434782608696
220,0.055894303483243604,0.13266859624696814,0.8336557059961315,0.7043478260869566
221,0.05494800953616026,0.13278866332510245,0.8558994197292069,0.6869565217391305
222,0.05490365549489654,0.14081797651622607,0.8578336557059961,0.6260869565217392
223,0.05460157563884669,0.13630318797152977,0.8713733075435203,0.6434782608695652
224,0.054912695801696186,0.1356566258098768,0.8684719535783365,0.7043478260869566
225,0.05600989452874868,0.13730602212574172,0.8433268858800773,0.6782608695652174
226,0.05538157366461173,0.13767632764318716,0.8549323017408124,0.6434782608695652
227,0.054644014722374006,0.13903156000634898,0.8646034816247582,0.6434782608695652
228,0.054715329662282416,0.14764932497687963,0.8665377176015474,0.5739130434782609
229,0.05527042760378618,0.1368521996166395,0.8520309477756286,0.6695652173913044
230,0.054546418976276476,0.14421212776847508,0.8694390715667312,0.6
231,0.05496549295041732,0.13393293360005254,0.8471953578336557,0.6782608695652174
232,0.05394668516845261,0.1427345887474392,0.874274661508704,0.6173913043478261
233,0.05501168257263228,0.13641847268394802,0.8568665377176016,0.6869565217391305
234,0.055014272838312145,0.13457504510879517,0.8646034816247582,0.6956521739130435
235,0.054218486671982695,0.13709346833436387,0.8771760154738878,0.6695652173913044
236,0.05380076498542579,0.13838153870209405,0.8800773694390716,0.6347826086956522
237,0.054350936551158614,0.129530203860739,0.8597678916827853,0.7304347826086957
238,0.05394227511647592,0.13700183474499247,0.8752417794970987,0.6869565217391305
239,0.05436981784997641,0.14008333734844042,0.8723404255319149,0.6608695652173913
240,0.0544132303223158,0.14087523740270863,0.8684719535783365,0.6521739130434783
241,0.054083924459534874,0.1371296737505042,0.8704061895551257,0.6695652173913044
242,0.054097901056998014,0.1412311087483945,0.8684719535783365,0.6173913043478261
243,0.05506810799558112,0.14057198659233425,0.8617021276595744,0.6434782608695652
244,0.05407002066735834,0.1396285336950551,0.8733075435203095,0.6608695652173913
245,0.05371132377729656,0.13889577181442925,0.8800773694390716,0.6347826086956522
246,0.05388420105441626,0.14040638156559157,0.8771760154738878,0.6260869565217392
247,0.053324058277233424,0.1344890656678573,0.8936170212765957,0.7043478260869566
248,0.053710076172531686,0.1429737106613491,0.8713733075435203,0.6260869565217392
249,0.05384508276815802,0.13391997088556704,0.8810444874274661,0.6608695652173913
250,0.05280456171736726,0.13841396466545436,0.8965183752417795,0.6608695652173913
251,0.053379710050339396,0.13287762351658033,0.8800773694390716,0.7304347826086957
252,0.05357405716261504,0.14110453180644822,0.8887814313346228,0.6347826086956522
253,0.053767270806679646,0.13905031836551168,0.8771760154738878,0.6521739130434783
254,0.05336687729713765,0.1408931141314299,0.8829787234042553,0.6260869565217392
255,0.05281225319526643,0.1511800537938657,0.9013539651837524,0.5739130434782609
256,0.05247426384652837,0.14129633281541906,0.902321083172147,0.6347826086956522
257,0.053050055725200954,0.13737055996189948,0.8945841392649904,0.6782608695652174
258,0.05318942475826182,0.15224688053131102,0.8926499032882012,0.5304347826086957
259,0.05445052138610781,0.13995119799738345,0.8704061895551257,0.6347826086956522
260,0.05354319838536777,0.1420025830683501,0.8858800773694391,0.6521739130434783
261,0.05329283697231595,0.13833970816239066,0.8849129593810445,0.6347826086956522
262,0.053344256066261454,0.13906256530595862,0.8887814313346228,0.6260869565217392
263,0.053379934749474146,0.13235637882481452,0.8868471953578336,0.6956521739130435
264,0.05261443212368963,0.13751718946125197,0.90715667311412,0.6434782608695652
265,0.05323692383803067,0.13219385250754978,0.8829787234042553,0.7304347826086957
266,0.0530338261989837,0.1345385509988536,0.8858800773694391,0.6782608695652174
267,0.05289562954432268,0.13759001648944358,0.8945841392649904,0.6782608695652174
268,0.052712620976353985,0.13663910575534988,0.8955512572533849,0.6782608695652174
269,0.05249024757564183,0.13458635133245717,0.8994197292069632,0.6869565217391305
270,0.05301144171498961,0.14133612228476483,0.8897485493230174,0.6260869565217392
271,0.052964730696244675,0.13831674430681312,0.8868471953578336,0.6347826086956522
272,0.05312296108304878,0.13825431232867033,0.8907156673114119,0.6695652173913044
273,0.052393405246089,0.13523306172827015,0.9090909090909091,0.7130434782608696
274,0.05260344083120099,0.1368727093157561,0.9013539651837524,0.6347826086956522
275,0.05221816038485883,0.13676738479863043,0.9013539651837524,0.6608695652173913
276,0.05256815251806027,0.13514423422191454,0.90715667311412,0.6608695652173913
277,0.05144296059064293,0.13861596636150195,0.9177949709864603,0.6434782608695652
278,0.051459488428307686,0.1390880356664243,0.9226305609284333,0.6521739130434783
279,0.05214386855610565,0.13740346431732178,0.9100580270793037,0.6608695652173913
280,0.0519245281901996,0.13637433829514878,0.9148936170212766,0.6869565217391305
281,0.05198455946357845,0.14053042505098426,0.9081237911025145,0.6521739130434783
282,0.051529888085285976,0.1423409430877022,0.9226305609284333,0.6086956521739131
283,0.05213871039089889,0.13608039462048074,0.9081237911025145,0.6956521739130435
284,0.052073559516633734,0.14275682335314543,0.9110251450676983,0.6260869565217392
285,0.05203224058538618,0.14254769605139028,0.9119922630560928,0.6173913043478261
286,0.05195246097889352,0.1374504110087519,0.9168278529980658,0.6869565217391305
287,0.05172516045302902,0.13258982223013174,0.9235976789168279,0.7217391304347827
288,0.05158604891895095,0.1440530362336532,0.9197292069632496,0.6260869565217392
289,0.05228971305160965,0.1395608715389086,0.902321083172147,0.6173913043478261
290,0.051877638645743955,0.14008542610251384,0.913926499032882,0.6608695652173913
291,0.05118936081227758,0.13394170170244962,0.9245647969052224,0.6608695652173913
292,0.051918223010271616,0.1395495461381,0.9081237911025145,0.6782608695652174
293,0.051517574711048855,0.1480426259662794,0.9177949709864603,0.591304347826087
294,0.05168650551506353,0.14396883663923843,0.9177949709864603,0.6260869565217392
295,0.05095945428372352,0.14372134260509326,0.9313346228239845,0.6086956521739131
296,0.05127139951550984,0.13705507724181465,0.9235976789168279,0.6347826086956522
297,0.051192950349250664,0.13421067880547566,0.9284332688588007,0.6956521739130435
298,0.05069445105309182,0.1368828244831251,0.937137330754352,0.6695652173913044
299,0.050388577885969,0.13877720780994582,0.9448742746615088,0.6521739130434783
300,0.05182301928964759,0.13920367541520492,0.9100580270793037,0.6260869565217392
301,0.05112041507053191,0.1411201352658479,0.9303675048355899,0.6521739130434783
302,0.052397424582125374,0.13786270722098973,0.9003868471953579,0.6608695652173913
303,0.05198602427366393,0.1403679433076278,0.9090909090909091,0.6260869565217392
304,0.05279999072132074,0.13598654840303503,0.8897485493230174,0.6695652173913044
305,0.051356469754785354,0.14028049396431963,0.9245647969052224,0.6260869565217392
306,0.05145331617711361,0.15012685371481854,0.9284332688588007,0.5304347826086957
307,0.05119176033156522,0.1429063221682673,0.9284332688588007,0.6173913043478261
308,0.05081695202932598,0.1381854720737623,0.9313346228239845,0.6695652173913044
309,0.05073614571265141,0.13987250068913334,0.9390715667311412,0.6173913043478261
310,0.05202934710845726,0.14382269382476806,0.913926499032882,0.6173913043478261
311,0.0507101064378565,0.14652152424273285,0.9352030947775629,0.5652173913043478
312,0.05093537181673474,0.13998991458312324,0.9264990328820116,0.6260869565217392
313,0.05126296764877364,0.14235256547513214,0.9168278529980658,0.6260869565217392
314,0.050246722290087024,0.14458177556162294,0.9458413926499033,0.591304347826087
315,0.050583924154248415,0.13924474560696146,0.9313346228239845,0.6173913043478261
316,0.051741921405958256,0.14090706783792248,0.9148936170212766,0.6260869565217392
317,0.0506500679012424,0.1395097053569296,0.9352030947775629,0.6521739130434783
318,0.05094448832985972,0.1359273780947146,0.9274661508704062,0.6695652173913044
319,0.049841701465603,0.1398075803466465,0.9506769825918762,0.6347826086956522
320,0.05042711061711929,0.13387787601222162,0.9400386847195358,0.7043478260869566
321,0.05106102123251275,0.14681278363518094,0.9303675048355899,0.5565217391304348
322,0.0515029384273625,0.1415643785310828,0.9168278529980658,0.6434782608695652
323,0.05027367638665426,0.13616405725479125,0.9410058027079303,0.6869565217391305
324,0.050662503712873626,0.1389965508295142,0.9342359767891683,0.6695652173913044
325,0.05130635591032888,0.13592828149380892,0.9226305609284333,0.6695652173913044
326,0.05094982196560681,0.13140257752459983,0.9294003868471954,0.6956521739130435
327,0.050028457286510064,0.13628331733786542,0.9477756286266924,0.6608695652173913
328,0.050551639188880844,0.1374691569286844,0.9400386847195358,0.6608695652173913
329,0.04999354988970655,0.14288663708645363,0.9506769825918762,0.6173913043478261
330,0.051089585634449236,0.13994267194167428,0.9264990328820116,0.6347826086956522
331,0.05044881985081464,0.1371088110882303,0.9400386847195358,0.6521739130434783
332,0.05078504336871769,0.1364275802736697,0.9323017408123792,0.6869565217391305
333,0.05066766804606587,0.13401132407395736,0.9332688588007737,0.7043478260869566
334,0.05072592207495433,0.14086666107177734,0.9332688588007737,0.6434782608695652
335,0.050579177745306285,0.14850690779478654,0.9342359767891683,0.5652173913043478
336,0.05053182508313679,0.1505269688108693,0.941972920696325,0.5565217391304348
337,0.05045313196440499,0.14365327306415723,0.941972920696325,0.6086956521739131
338,0.050325381225497394,0.13727683502694835,0.9439071566731141,0.6608695652173913
339,0.05064609283635418,0.13518029658690742,0.937137330754352,0.6695652173913044
340,0.05006285049237412,0.141146255057791,0.9448742746615088,0.6347826086956522
341,0.050580944267877986,0.13936480491057687,0.9332688588007737,0.6434782608695652
342,0.05057592687108761,0.147060401543327,0.9352030947775629,0.591304347826087
343,0.05063925882372681,0.14042336474294248,0.9323017408123792,0.6
344,0.050254405813014255,0.13873328125995138,0.9468085106382979,0.6695652173913044
345,0.05014757111639764,0.139164996665457,0.9439071566731141,0.6260869565217392
346,0.049771469554772,0.1377485197523366,0.9516441005802708,0.6608695652173913
347,0.050611703204463024,0.1411531598671623,0.9390715667311412,0.6173913043478261
348,0.050840902086383366,0.13904599262320477,0.9274661508704062,0.6434782608695652
349,0.050742692308684154,0.140604189167852,0.9323017408123792,0.6347826086956522
350,0.04987043776410691,0.13574789296025816,0.9477756286266924,0.6608695652173913
351,0.04975876062243773,0.14245529071144436,0.9545454545454546,0.6347826086956522
352,0.04981426321099759,0.14316041987875233,0.9555125725338491,0.591304347826087
353,0.0506592054546917,0.14458945367647255,0.9313346228239845,0.6173913043478261
354,0.05056162025757869,0.14416371894919355,0.9342359767891683,0.5826086956521739
355,0.05026713739972511,0.1347825050354004,0.9390715667311412,0.6869565217391305
356,0.050367604256598586,0.13069425303003063,0.937137330754352,0.7130434782608696
357,0.0499726959884282,0.13591633516809215,0.9545454545454546,0.6782608695652174
358,0.049695845902311964,0.13591743759486985,0.9497098646034816,0.6869565217391305
359,0.04978199911302017,0.14299590483955715,0.9487427466150871,0.6173913043478261
360,0.04966641314025082,0.14040344124254972,0.9506769825918762,0.6260869565217392
361,0.05003488138750397,0.13583089631536732,0.9477756286266924,0.6869565217391305
362,0.049459634424408816,0.13696165084838868,0.9574468085106383,0.6347826086956522
363,0.04960748697387873,0.1370526365611864,0.9593810444874274,0.6608695652173913
364,0.04984005034776905,0.134526076524154,0.9516441005802708,0.7130434782608696
365,0.05094129423569434,0.14103117507437002,0.9284332688588007,0.6173913043478261
366,0.05055410505724599,0.143985901189887,0.9342359767891683,0.6
367,0.05066458024877183,0.13836903623912644,0.9332688588007737,0.6521739130434783
368,0.049678457371270864,0.13643043870511262,0.9516441005802708,0.6608695652173913
369,0.04975137275930069,0.14262409417525582,0.9516441005802708,0.6347826086956522
370,0.04935632983305468,0.1351416976555534,0.9584139264990329,0.6434782608695652
371,0.05000498233726915,0.14361403610395349,0.9487427466150871,0.6086956521739131
372,0.05025128469706965,0.1392210628675378,0.941972920696325,0.6608695652173913
373,0.04961408095387472,0.1385994138924972,0.9487427466150871,0.6782608695652174
374,0.049334960645587116,0.13900280309760052,0.9593810444874274,0.6608695652173913
375,0.04997299845029584,0.13929519135019053,0.9497098646034816,0.6782608695652174
376,0.050183465448523396,0.13790977519491446,0.9448742746615088,0.6782608695652174
377,0.05040059271817973,0.15676188209782477,0.9429400386847195,0.5304347826086957
378,0.05033453826286345,0.14751796929732613,0.9400386847195358,0.5739130434782609
379,0.050486959387301474,0.1388411055440488,0.9352030947775629,0.6521739130434783
380,0.05012274215023107,0.13861110158588574,0.9448742746615088,0.6521739130434783
381,0.05017433579240131,0.13803560992945796,0.9429400386847195,0.6782608695652174
382,0.04925265988943886,0.13413245470627494,0.9564796905222437,0.6869565217391305
383,0.0491896027291997,0.1383764085562333,0.965183752417795,0.6434782608695652
384,0.0496474043313032,0.14229634326437246,0.9545454545454546,0.6260869565217392
385,0.050131351735651836,0.14382893365362417,0.9448742746615088,0.6260869565217392
386,0.0499655538071055,0.1377715307733287,0.9439071566731141,0.6782608695652174
387,0.049673813915806074,0.13979999967243362,0.9516441005802708,0.6434782608695652
388,0.049227845622676944,0.1437579165334287,0.960348162475822,0.6260869565217392
389,0.050199138241994776,0.13971097935800966,0.9381044487427466,0.6347826086956522
390,0.049323774398641385,0.13680490721826968,0.9593810444874274,0.6521739130434783
391,0.0494603677805895,0.14032352903614873,0.9564796905222437,0.6521739130434783
392,0.049580871885934234,0.13847248191418854,0.9545454545454546,0.6608695652173913
393,0.04955454542512359,0.1419462774110877,0.9545454545454546,0.6434782608695652
394,0.04934743392628904,0.13456295417702716,0.9555125725338491,0.6956521739130435
395,0.050120983179118235,0.13495062745135764,0.9458413926499033,0.6695652173913044
396,0.05013461362001283,0.13561123505882594,0.9410058027079303,0.6608695652173913
397,0.04968039296581851,0.13530520252559497,0.9535783365570599,0.6869565217391305
398,0.049537860563230236,0.1372821683469026,0.9545454545454546,0.6695652173913044
399,0.04966184963801843,0.1385500721309496,0.9526112185686654,0.6521739130434783
400,0.04967132049326279,0.13887668537056963,0.9506769825918762,0.6260869565217392
401,0.05018625977652677,0.13261591610701187,0.9448742746615088,0.7130434782608696
402,0.04944071069907404,0.13958084116811337,0.9555125725338491,0.6521739130434783
403,0.04988648761171898,0.13635254372721134,0.9497098646034816,0.6869565217391305
404,0.050091655503389225,0.13989337993704754,0.9458413926499033,0.6521739130434783
405,0.04936586012000964,0.13912683829017308,0.9574468085106383,0.6434782608695652
406,0.04906129393171757,0.13879018866497536,0.9632495164410058,0.6608695652173913
407,0.04981723202958098,0.14113108386164125,0.9516441005802708,0.6173913043478261
408,0.04979230258866021,0.1409073979958244,0.9487427466150871,0.6608695652173913
409,0.04985992106063223,0.14260130343229874,0.9458413926499033,0.6434782608695652
410,0.04996921908924612,0.1399628571842028,0.9448742746615088,0.6695652173913044
411,0.04947075876092081,0.1392222549604333,0.9593810444874274,0.6521739130434783
412,0.050279789955519155,0.13895860495774642,0.9390715667311412,0.6521739130434783
413,0.04974650541172729,0.13299166534257972,0.9477756286266924,0.7130434782608696
414,0.04956498834335135,0.13573647219201793,0.9516441005802708,0.6521739130434783
415,0.04977611531602576,0.13371812001518582,0.9506769825918762,0.6956521739130435
416,0.04943606603307005,0.13760083810142848,0.9584139264990329,0.6695652173913044
417,0.04891664614068701,0.14018232718757961,0.9661508704061895,0.6434782608695652
418,0.04984854798713551,0.13696494517119034,0.9487427466150871,0.6695652173913044
419,0.04936222112386324,0.13245078428931858,0.9574468085106383,0.6869565217391305
420,0.0490594057787779,0.13228739344555399,0.9613152804642167,0.7304347826086957
421,0.04923674954205924,0.13336873054504395,0.9574468085106383,0.7130434782608696
422,0.049758955634539546,0.13143078244250753,0.9448742746615088,0.7217391304347827
423,0.04931566493884738,0.13064681498900704,0.9545454545454546,0.7217391304347827
424,0.05008437595468886,0.1412889117779939,0.9410058027079303,0.6173913043478261
425,0.049425633317958455,0.13476482681606128,0.9545454545454546,0.7043478260869566
426,0.04939163249973172,0.14292267198147982,0.9584139264990329,0.6260869565217392
427,0.04893999196574582,0.13599194547404414,0.9661508704061895,0.6956521739130435
428,0.049817417991461097,0.1408698180447454,0.9487427466150871,0.6521739130434783
429,0.049806176520869626,0.13497983372729758,0.9468085106382979,0.6869565217391305
430,0.049091187448058876,0.1324154268140378,0.960348162475822,0.7043478260869566
431,0.0491147077636977,0.14002927749053293,0.9593810444874274,0.6521739130434783
432,0.04910470490529413,0.13719408460285354,0.9622823984526112,0.6695652173913044
433,0.0492454314139641,0.13542347006175828,0.9584139264990329,0.6869565217391305
434,0.04943879902708692,0.14477411301239676,0.9516441005802708,0.6086956521739131
435,0.05006719321531299,0.1360837558041448,0.9458413926499033,0.6695652173913044
436,0.04918434674089605,0.138875993438389,0.960348162475822,0.6608695652173913
437,0.049289782861215235,0.14118373342182325,0.9584139264990329,0.6086956521739131
438,0.04934546593540642,0.1412298358005026,0.9564796905222437,0.6434782608695652
439,0.04921108645673416,0.138948000513989,0.9584139264990329,0.6608695652173913
440,0.04921489873292137,0.14083465596903924,0.960348162475822,0.6347826086956522
441,0.04921447994400039,0.13782920941062596,0.960348162475822,0.6695652173913044
442,0.049476584336743824,0.13776959232662034,0.9535783365570599,0.6608695652173913
443,0.04911733970651313,0.14014583307763803,0.960348162475822,0.6434782608695652
444,0.04887897099009796,0.13724855754686438,0.9661508704061895,0.6434782608695652
445,0.049779311773624824,0.13990516973578412,0.9497098646034816,0.6608695652173913
446,0.048827487622285025,0.1374633586925009,0.9671179883945842,0.6782608695652174
447,0.0489326533312032,0.1415334411289381,0.9671179883945842,0.6608695652173913
448,0.049101067177331655,0.1378906794216322,0.9632495164410058,0.6782608695652174
449,0.049484244398268325,0.1410244926162388,0.9555125725338491,0.6434782608695652
450,0.049150473086930796,0.13783847456393034,0.9593810444874274,0.6695652173913044
451,0.04919899144071214,0.14043101020481275,0.9564796905222437,0.6260869565217392
452,0.04887915314742629,0.1424766815227011,0.9622823984526112,0.6173913043478261
453,0.04909033494023336,0.1389928102493286,0.9574468085106383,0.6782608695652174
454,0.04917740279977972,0.13532160468723464,0.9584139264990329,0.6695652173913044
455,0.04958064805147035,0.14067272569822228,0.9526112185686654,0.6434782608695652
456,0.04897024783682316,0.13818960552630216,0.9632495164410058,0.6521739130434783
457,0.04878497642520779,0.13847306500310483,0.9671179883945842,0.6695652173913044
458,0.04907844848282333,0.14578169014142908,0.960348162475822,0.5826086956521739
459,0.04855053221925776,0.1462955671807994,0.9690522243713733,0.6
460,0.048739599997116474,0.1413318193477133,0.9680851063829787,0.6434782608695652
461,0.048679523184405535,0.13631564482398656,0.9680851063829787,0.7043478260869566
462,0.048815985136382585,0.13660474445508874,0.965183752417795,0.6956521739130435
463,0.04903481753697939,0.1430302039436672,0.9622823984526112,0.6173913043478261
464,0.04904088643118307,0.1374153406723686,0.9613152804642167,0.6695652173913044
465,0.0489538376520404,0.1398317067519478,0.9642166344294004,0.6608695652173913
466,0.04915244194248428,0.1337022947228473,0.9613152804642167,0.6956521739130435
467,0.049366785087253416,0.13562830945719842,0.9545454545454546,0.6869565217391305
468,0.04923026727753866,0.14506770994352258,0.9574468085106383,0.6347826086956522
469,0.04942335934888002,0.1409635393515877,0.9516441005802708,0.6434782608695652
470,0.04871190822101423,0.13682840233263763,0.9671179883945842,0.6869565217391305
471,0.04956979666272723,0.1354431971259739,0.9526112185686654,0.6956521739130435
472,0.04891216057412168,0.1347658105518507,0.965183752417795,0.7043478260869566
473,0.04894266858322247,0.13831330330475516,0.9642166344294004,0.6434782608695652
474,0.048515749796216215,0.13454994274222332,0.9709864603481625,0.6869565217391305
475,0.04883844634550452,0.13366875026537026,0.9671179883945842,0.7130434782608696
476,0.049107752178347085,0.1373482776724774,0.960348162475822,0.6695652173913044
477,0.050061114406216765,0.13720600242200104,0.9448742746615088,0.6695652173913044
478,0.04938286271962253,0.13467361512391463,0.9545454545454546,0.6956521739130435
479,0.04923594776159099,0.13295933163684348,0.9555125725338491,0.6956521739130435
480,0.04911552816341186,0.1306270428325819,0.960348162475822,0.7217391304347827
481,0.04893162039539108,0.13917647030042565,0.965183752417795,0.6521739130434783
482,0.04867719116708988,0.1321257876313251,0.9680851063829787,0.7217391304347827
483,0.04987238828863812,0.13287741412287174,0.9458413926499033,0.7391304347826086
484,0.05000718517275797,0.1466684165208236,0.9458413926499033,0.5826086956521739
485,0.048963122833628255,0.13639832631401394,0.9632495164410058,0.6782608695652174
486,0.04921894297147858,0.14045251089593638,0.9584139264990329,0.6434782608695652
487,0.04886080223771543,0.1323319699453271,0.9642166344294004,0.7130434782608696
488,0.04879360411107194,0.1326362739438596,0.9642166344294004,0.7217391304347827
489,0.04887735670724275,0.13526772157005643,0.9622823984526112,0.6869565217391305
490,0.04891423255608667,0.1340106523555258,0.9642166344294004,0.6956521739130435
491,0.04903933446227467,0.14960477870443592,0.9632495164410058,0.591304347826087
492,0.048794202866821734,0.1409839910009633,0.9690522243713733,0.6347826086956522
493,0.04912082438773297,0.13874641812365987,0.9622823984526112,0.6608695652173913
494,0.04869820595479334,0.13929800935413528,0.9690522243713733,0.6347826086956522
495,0.04935151303990436,0.14026404671047044,0.9526112185686654,0.6434782608695652
496,0.04868587021440325,0.13916581454484359,0.9680851063829787,0.6521739130434783
497,0.04854809119576873,0.137597816405089,0.9700193423597679,0.6869565217391305
498,0.04863657336862221,0.13484358943027,0.9709864603481625,0.7130434782608696
499,0.04877659257652681,0.13279443720112677,0.9642166344294004,0.7217391304347827
